<?xml version="1.0" encoding="utf-8"?>
<manifest identifier="c7vH1LVqZ1Dg6" xmlns="http://www.imsproject.org/xsd/imscp_rootv1p1p2" xmlns:adlcp="http://www.adlnet.org/xsd/adlcp_rootv1p2" xmlns:xsi="http://www.w3.org/2001/XMLSchema-instance" xmlns:lom="http://www.imsglobal.org/xsd/imsmd_rootv1p2p1" xsi:schemaLocation="http://www.imsproject.org/xsd/imscp_rootv1p1p2 imscp_rootv1p1p2.xsd http://www.imsglobal.org/xsd/imsmd_rootv1p2p1 imsmd_rootv1p2p1.xsd http://www.adlnet.org/xsd/adlcp_rootv1p2 adlcp_rootv1p2.xsd">
<metadata>
<schema>ADL SCORM</schema>
<schemaversion>1.2</schemaversion>
<lom:lom>
<lom:general>
<lom:title>
<lom:langstring>IT_B_MAT1_B5</lom:langstring>
</lom:title>
</lom:general>
<lom:educational>
<lom:typicallearningtime>
<lom:datetime>01:00:00</lom:datetime>
</lom:typicallearningtime>
</lom:educational>
</lom:lom>
</metadata>
<organizations default="IT_B_MAT1_B5_organization">
<organization identifier="IT_B_MAT1_B5_organization">
<title>IT_B_MAT1_B5</title>
<item identifier="item" identifierref="resource">
<title>IT_B_MAT1_B5</title>
</item>
</organization>
</organizations>
<resources>
<resource identifier="resource" type="webcontent" adlcp:scormtype="sco" href="res/index.html">
<file href="res/index.html"/>
<file href="res/lms.js"/>
<file href="res/data/thmb1.swf"/>
<file href="res/data/thmb2.swf"/>
<file href="res/data/thmb3.swf"/>
<file href="res/data/thmb4.swf"/>
<file href="res/data/thmb5.swf"/>
<file href="res/data/thmb6.swf"/>
<file href="res/data/thmb7.swf"/>
<file href="res/data/thmb8.swf"/>
<file href="res/data/thmb9.swf"/>
<file href="res/data/thmb10.swf"/>
<file href="res/data/thmb11.swf"/>
<file href="res/data/thmb12.swf"/>
<file href="res/data/thmb13.swf"/>
<file href="res/data/thmb14.swf"/>
<file href="res/data/thmb15.swf"/>
<file href="res/data/thmb16.swf"/>
<file href="res/data/thmb17.swf"/>
<file href="res/data/thmb18.swf"/>
<file href="res/data/thmb19.swf"/>
<file href="res/data/thmb20.swf"/>
<file href="res/data/thmb21.swf"/>
<file href="res/data/thmb22.swf"/>
<file href="res/data/assets.swf"/>
<file href="res/data/slide1.swf"/>
<file href="res/data/slide2.swf"/>
<file href="res/data/slide3.swf"/>
<file href="res/data/slide4.swf"/>
<file href="res/data/slide5.swf"/>
<file href="res/data/slide6.swf"/>
<file href="res/data/slide7.swf"/>
<file href="res/data/slide8.swf"/>
<file href="res/data/slide9.swf"/>
<file href="res/data/slide10.swf"/>
<file href="res/data/slide11.swf"/>
<file href="res/data/slide12.swf"/>
<file href="res/data/slide13.swf"/>
<file href="res/data/slide14.swf"/>
<file href="res/data/slide15.swf"/>
<file href="res/data/slide16.swf"/>
<file href="res/data/slide17.swf"/>
<file href="res/data/slide18.swf"/>
<file href="res/data/slide19.swf"/>
<file href="res/data/slide20.swf"/>
<file href="res/data/slide21.swf"/>
<file href="res/data/slide22.swf"/>
<file href="res/data/presentation.xml"/>
<file href="res/data/flash.png"/>
<file href="res/data/flash-required.html"/>
<file href="res/data/player.swf"/>
<file href="res/data/thmb1.png"/>
<file href="res/data/slide1.js"/>
<file href="res/data/slide1.css"/>
<file href="res/data/thmb2.png"/>
<file href="res/data/slide2.js"/>
<file href="res/data/slide2.css"/>
<file href="res/data/thmb3.png"/>
<file href="res/data/slide3.js"/>
<file href="res/data/slide3.css"/>
<file href="res/data/thmb4.png"/>
<file href="res/data/slide4.js"/>
<file href="res/data/slide4.css"/>
<file href="res/data/thmb5.png"/>
<file href="res/data/slide5.js"/>
<file href="res/data/slide5.css"/>
<file href="res/data/thmb6.png"/>
<file href="res/data/slide6.js"/>
<file href="res/data/slide6.css"/>
<file href="res/data/thmb7.png"/>
<file href="res/data/slide7.js"/>
<file href="res/data/slide7.css"/>
<file href="res/data/thmb8.png"/>
<file href="res/data/slide8.js"/>
<file href="res/data/slide8.css"/>
<file href="res/data/thmb9.png"/>
<file href="res/data/slide9.js"/>
<file href="res/data/slide9.css"/>
<file href="res/data/thmb10.png"/>
<file href="res/data/slide10.js"/>
<file href="res/data/slide10.css"/>
<file href="res/data/thmb11.png"/>
<file href="res/data/slide11.js"/>
<file href="res/data/slide11.css"/>
<file href="res/data/thmb12.png"/>
<file href="res/data/slide12.js"/>
<file href="res/data/slide12.css"/>
<file href="res/data/thmb13.png"/>
<file href="res/data/slide13.js"/>
<file href="res/data/slide13.css"/>
<file href="res/data/thmb14.png"/>
<file href="res/data/slide14.js"/>
<file href="res/data/slide14.css"/>
<file href="res/data/thmb15.png"/>
<file href="res/data/slide15.js"/>
<file href="res/data/slide15.css"/>
<file href="res/data/thmb16.png"/>
<file href="res/data/slide16.js"/>
<file href="res/data/slide16.css"/>
<file href="res/data/thmb17.png"/>
<file href="res/data/slide17.js"/>
<file href="res/data/slide17.css"/>
<file href="res/data/thmb18.png"/>
<file href="res/data/slide18.js"/>
<file href="res/data/slide18.css"/>
<file href="res/data/thmb19.png"/>
<file href="res/data/slide19.js"/>
<file href="res/data/slide19.css"/>
<file href="res/data/thmb20.png"/>
<file href="res/data/slide20.js"/>
<file href="res/data/slide20.css"/>
<file href="res/data/thmb21.png"/>
<file href="res/data/slide21.js"/>
<file href="res/data/slide21.css"/>
<file href="res/data/thmb22.png"/>
<file href="res/data/slide22.js"/>
<file href="res/data/slide22.css"/>
<file href="res/html5.html"/>
<file href="res/data/player.js"/>
<file href="res/data/eraser.cur"/>
<file href="res/data/highlighter.cur"/>
<file href="res/data/marker.cur"/>
<file href="res/data/lock.cur"/>
<file href="res/data/apple-touch-icon.png"/>
<file href="res/data/favicon.ico"/>
<file href="res/data/fnt0.ttf"/>
<file href="res/data/fnt0.woff"/>
<file href="res/data/fnt1.ttf"/>
<file href="res/data/fnt1.woff"/>
<file href="res/data/fnt2.ttf"/>
<file href="res/data/fnt2.woff"/>
<file href="res/data/fnt3.ttf"/>
<file href="res/data/fnt3.woff"/>
<file href="res/data/fnt4.ttf"/>
<file href="res/data/fnt4.woff"/>
<file href="res/data/html5-unsupported.html"/>
<file href="res/data/html5.png"/>
<file href="res/data/img0.png"/>
<file href="res/data/img1.png"/>
<file href="res/data/img10.png"/>
<file href="res/data/img11.png"/>
<file href="res/data/img12.png"/>
<file href="res/data/img13.png"/>
<file href="res/data/img14.png"/>
<file href="res/data/img15.png"/>
<file href="res/data/img16.png"/>
<file href="res/data/img17.png"/>
<file href="res/data/img18.png"/>
<file href="res/data/img19.png"/>
<file href="res/data/img2.png"/>
<file href="res/data/img20.png"/>
<file href="res/data/img21.png"/>
<file href="res/data/img22.png"/>
<file href="res/data/img23.png"/>
<file href="res/data/img24.png"/>
<file href="res/data/img25.png"/>
<file href="res/data/img26.png"/>
<file href="res/data/img27.png"/>
<file href="res/data/img28.png"/>
<file href="res/data/img29.png"/>
<file href="res/data/img3.png"/>
<file href="res/data/img30.png"/>
<file href="res/data/img31.png"/>
<file href="res/data/img32.png"/>
<file href="res/data/img33.png"/>
<file href="res/data/img34.png"/>
<file href="res/data/img35.png"/>
<file href="res/data/img36.png"/>
<file href="res/data/img37.png"/>
<file href="res/data/img38.png"/>
<file href="res/data/img39.png"/>
<file href="res/data/img4.png"/>
<file href="res/data/img40.png"/>
<file href="res/data/img41.png"/>
<file href="res/data/img5.png"/>
<file href="res/data/img6.png"/>
<file href="res/data/img7.png"/>
<file href="res/data/img8.png"/>
<file href="res/data/img9.png"/>
<file href="res/data/isplayer.js"/>
</resource>
</resources>
</manifest>
