<?xml version="1.0" encoding="utf-8" ?>
<manifest identifier="Curso_ID1" version="1.0" 
       xmlns="http://www.imsproject.org/xsd/imscp_rootv1p1p2"
       xmlns:adlcp="http://www.adlnet.org/xsd/adlcp_rootv1p2"
       xmlns:xsi="http://www.w3.org/2001/XMLSchema-instance"
       xsi:schemaLocation="http://www.imsproject.org/xsd/imscp_rootv1p1p2 imscp_rootv1p1p2.xsd
                           http://www.imsglobal.org/xsd/imsmd_rootv1p2p1 imsmd_rootv1p2p1.xsd
                           http://www.adlnet.org/xsd/adlcp_rootv1p2 adlcp_rootv1p2.xsd">
	<metadata>
		<schema>ADL SCORM</schema>
		<schemaversion>1.2</schemaversion>
		<adlcp:location>metadata.xml</adlcp:location> 
	</metadata>
	<organizations default="Curso_ID1_ORG">
		<organization identifier="Curso_ID1_ORG">
			<title>Curso de aprendizaje electrónico de Captivate</title>
			<item identifier="SCO_ID1" isvisible="true" identifierref="SCO_ID1_RES">
				<title>Título de objeto del curso</title>
			</item>
			<metadata>
				<schema>ADL SCORM</schema>
				<schemaversion>1.2</schemaversion>
				<adlcp:location>metadata.xml</adlcp:location> 
			</metadata>	
		</organization>
	</organizations>
	<resources>
		<resource identifier="SCO_ID1_RES" type="webcontent" href="Formación Integral en la Operación de Cajas - M1.htm" adlcp:scormtype="sco">
			
			<metadata>
				<schema>ADL SCORM</schema>
				<schemaversion>1.2</schemaversion>
				<adlcp:location>metadata.xml</adlcp:location> 
			</metadata>
			
			<file href="Formación Integral en la Operación de Cajas - M1.swf"/>
		    <file href="Formación Integral en la Operación de Cajas - M1.htm"/>
			<file href="scormdriver.js"/>
			<file href="browsersniff.js"/>
			
<file href="SCORM_utilities.js"/> 
<file href="Utilities.js"/> 
<file href="standard.js"/> 
<file href="captivate.css"/> 
		</resource>
	</resources>
</manifest>
